{
  "BASELINE_BASE": {
    "annual": 15.268883491948682,
    "sharpe": 1.064453994111522,
    "dd": -14.071355177516672,
    "rebalance": 114
  },
  "A-trg0.24_BASE": {
    "annual": 16.45336410943696,
    "sharpe": 1.1967966364328952,
    "dd": -12.79185065921543,
    "rebalance": 108
  },
  "D-trg0.24_BASE": {
    "annual": 16.36805974763973,
    "sharpe": 1.1767218318640702,
    "dd": -12.469840354162459,
    "rebalance": 108
  },
  "BASELINE_T1": {
    "annual": 14.783728820869001,
    "sharpe": 1.0252238191540477,
    "dd": -14.164089284558253,
    "rebalance": 114
  },
  "A-trg0.24_T1": {
    "annual": 16.06161678658202,
    "sharpe": 1.1635317863604424,
    "dd": -12.926619620040197,
    "rebalance": 108
  },
  "D-trg0.24_T1": {
    "annual": 16.046183541095616,
    "sharpe": 1.1510245327884066,
    "dd": -12.583961274997954,
    "rebalance": 108
  },
  "BASELINE_H1": {
    "annual": 15.63418656115607,
    "sharpe": 1.0207110770200352,
    "dd": -14.071355177516672
  },
  "BASELINE_H2": {
    "annual": 14.098054282583439,
    "sharpe": 1.0018114999256993,
    "dd": -10.815290441365653
  },
  "A-trg0.24_H1": {
    "annual": 17.913341112219317,
    "sharpe": 1.2737864023189573,
    "dd": -12.79185065921543
  },
  "A-trg0.24_H2": {
    "annual": 14.492294211491764,
    "sharpe": 1.0359067053459785,
    "dd": -10.929302441155135
  },
  "D-trg0.24_H1": {
    "annual": 19.947011831400975,
    "sharpe": 1.4142679571671983,
    "dd": -12.469840354162459
  },
  "D-trg0.24_H2": {
    "annual": 12.627575569760552,
    "sharpe": 0.847212380874327,
    "dd": -11.539999805844497
  },
  "BASELINE_PERTURB": [
    [
      0.23,
      14.145601581322097,
      0.9751918498857179,
      -14.071355177516672
    ],
    [
      0.24,
      15.268883491948682,
      1.064453994111522,
      -14.071355177516672
    ],
    [
      0.25,
      15.268883491948682,
      1.064453994111522,
      -14.071355177516672
    ],
    [
      0.26,
      14.575845465276661,
      1.012333732209709,
      -15.300096787584275
    ],
    [
      0.27,
      14.256546911862777,
      0.9821406863364921,
      -15.300096787584275
    ]
  ],
  "A-trg0.24_PERTURB": [
    [
      0.22,
      15.160590937796448,
      1.0843381977342066,
      -12.822710578884443
    ],
    [
      0.22999999999999998,
      15.160590937796448,
      1.0843381977342066,
      -12.822710578884443
    ],
    [
      0.24,
      16.45336410943696,
      1.1967966364328952,
      -12.79185065921543
    ],
    [
      0.25,
      16.45336410943696,
      1.1967966364328952,
      -12.79185065921543
    ],
    [
      0.26,
      14.75645854291081,
      1.1089530289136318,
      -12.909034438939035
    ]
  ],
  "D-trg0.24_PERTURB": [
    [
      0.22,
      15.248729264931171,
      1.0654420875927022,
      -12.44641700067733
    ],
    [
      0.22999999999999998,
      14.817390623543393,
      1.026803435060824,
      -12.381948678279887
    ],
    [
      0.24,
      16.36805974763973,
      1.1767218318640702,
      -12.469840354162459
    ],
    [
      0.25,
      16.36805974763973,
      1.1767218318640702,
      -12.469840354162459
    ],
    [
      0.26,
      13.822439412653864,
      0.9424560311772572,
      -15.234738791023164
    ]
  ]
}